Bytes;Count;HeapFree Sum [us];HeapFree Mean [us];HeapFree Min [us];HeapFree Median [us];HeapFree Max [us];Sort [us];PrivateMemorySize Min [bytes];PrivateMemorySize Max [bytes]
19200;4096;9158.799999999974;2.2360351562499936;0.2;0.3;294.2;6918.1;19349504;86122496
19200;8192;15314.10000000003;1.8693969726562536;0.2;0.3;446.8;10899.5;24571904;177668096
19200;16384;30544.900000000318;1.8643127441406444;0.1;0.4;892.2;594.7;27316224;342806528
19200;32768;59977.29999999923;1.830361938476539;0.2;0.4;1674.6;1296.1;26320896;657100800
19200;65536;147434.3999999949;2.249670410156172;0.2;0.5;2286.1;2802.7;27201536;1289125888
19200;131072;344545.6999999391;2.6286750793452387;0.2;0.6;5140.6;5786.2;31027200;2554183680
19200;262144;1082195.399999831;4.128247833251309;0.2;0.7;12434.5;12235.4;37937152;5084971008
19200;524288;3096097.299999901;5.905336952209284;0.2;0.9;25692.8;25875.9;51892224;10146349056