Bytes;Count;HeapFree Sum [us];HeapFree Mean [us];HeapFree Min [us];HeapFree Median [us];HeapFree Max [us];Sort [us];PrivateMemorySize Min [bytes];PrivateMemorySize Max [bytes]
19200;4096;15943.599999999975;3.892480468749994;0.1;2.8;254.6;;54611968;54611968
19200;8192;61153.49999999999;7.465026855468749;0;5.2;352.8;;54611968;54611968
19200;16384;560124.2999999995;34.18727416992184;0.1;18.7;891.2;;54611968;54611968
19200;32768;2806914.7999999947;85.66024169921859;0.1;69.6;2029.4;;54611968;54611968